tahun,kode_provinsi,nama_provinsi,luas_panen,produktivitas,produksi,latitude,longitude
1993,1100,Prov. Nanggroe Aceh Darussalam,323589,40.17,1299699,5.55,95.31667
1993,1200,Prov. Sumatera Utara,754569,38.67,2918152,3.583333,98.66666
1993,1300,Prov. Sumatera Barat,394412,45.8,1806424,-0.95,100.3531
1993,1400,Prov. Riau,146133,29.86,436297,0.4816667,101.4686
1993,1500,Prov. Jambi,199431,30.46,607529,-1.589167,103.61
1993,1600,Prov. Sumatera Selatan,439895,32.04,1409559,-2.990833,104.7567
1993,1700,Prov. Bengkulu,109807,32.49,356709,-3.795556,102.2592
1993,1800,Prov. Lampung,433078,38.03,1646900,-5.429722,105.2625
1993,1900,Prov. Kepulauan Bangka Belitung,0,0,0,-2.1,106.1
1993,2100,Prov. Kepulauan Riau,0,0,0,1.083333,104.4833
1993,3100,Prov. DKI Jakarta,5945,47.92,28488,-6.183333,106.8333
1993,3200,Prov. Jawa Barat,2152592,50.27,10820862,-6.914722,107.6097
1993,3300,Prov. Jawa Tengah,1580657,51.72,8174897,-6.966667,110.4167
1993,3400,Prov. D I Yogyakarta,136534,47.21,644642,-7.801389,110.3644
1993,3500,Prov. Jawa Timur,1639016,52.64,8627784,-7.266667,112.7167
1993,3600,Prov. Banten,0,0,0,-6.12,106.1503
1993,5100,Prov. Bali,159994,52.32,837054,-8.65,115.2167
1993,5200,Prov. Nusa Tenggara Barat,271938,43.65,1186926,-8.583333,116.1167
1993,5300,Prov. Nusa Tenggara Timur,143578,26.6,381915,-10.18333,123.5833
1993,6100,Prov. Kalimantan Barat,330442,23.31,770136,-0.0166667,109.3333
1993,6200,Prov. Kalimantan Tengah,151812,20.67,313729,-2.21,113.92
1993,6300,Prov. Kalimantan Selatan,395646,28.77,1138140,-3.314444,114.5925
1993,6400,Prov. Kalimantan Timur,110157,23.12,254730,-0.5022222,117.1536
1993,7100,Prov. Sulawesi Utara,98047,40.11,393314,1.493056,124.8414
1993,7200,Prov. Sulawesi Tengah,145426,31.8,462505,-0.9,119.8333
1993,7300,Prov. Sulawesi Selatan,761912,43.36,3303591,-5.133333,119.4167
1993,7400,Prov. Sulawesi Tenggara,74138,29.8,220919,-3.9675,122.5947
1993,7500,Prov. Gorontalo,0,0,0,0.5333334,123.0667
1993,7600,Prov. Sulawesi Barat,0,0,0,-2.668611,118.8622
1993,8100,Prov. Maluku,20413,25.15,51330,-3.7,128.1667
1993,8200,Prov. Maluku Utara,0,0,0,0.7833334,127.3667
1993,9100,Prov. Papua Barat,0,0,0,-0.8666667,134.0833
1993,9400,Prov. Papua,14759,25.13,37090,-2.533056,140.7169
1994,1100,Prov. Nanggroe Aceh Darussalam,329041,40.41,1329536,5.55,95.31667
1994,1200,Prov. Sumatera Utara,792534,38.86,3079960,3.583333,98.66666
1994,1300,Prov. Sumatera Barat,382740,45.66,1747543,-0.95,100.3531
1994,1400,Prov. Riau,146177,30.47,445361,0.4816667,101.4686
1994,1500,Prov. Jambi,184029,30.69,564722,-1.589167,103.61
1994,1600,Prov. Sumatera Selatan,422109,31.93,1347611,-2.990833,104.7567
1994,1700,Prov. Bengkulu,104747,31.91,334232,-3.795556,102.2592
1994,1800,Prov. Lampung,425940,37.93,1615751,-5.429722,105.2625
1994,1900,Prov. Kepulauan Bangka Belitung,0,0,0,-2.1,106.1
1994,2100,Prov. Kepulauan Riau,0,0,0,1.083333,104.4833
1994,3100,Prov. DKI Jakarta,4803,47.81,22965,-6.183333,106.8333
1994,3200,Prov. Jawa Barat,1960210,50.3,9860375,-6.914722,107.6097
1994,3300,Prov. Jawa Tengah,1498279,51.54,7722611,-6.966667,110.4167
1994,3400,Prov. D I Yogyakarta,135838,47.36,643266,-7.801389,110.3644
1994,3500,Prov. Jawa Timur,1577107,52.6,8296348,-7.266667,112.7167
1994,3600,Prov. Banten,0,0,0,-6.12,106.1503
1994,5100,Prov. Bali,152808,52.45,801495,-8.65,115.2167
1994,5200,Prov. Nusa Tenggara Barat,271088,43.81,1187513,-8.583333,116.1167
1994,5300,Prov. Nusa Tenggara Timur,158032,25.99,410757,-10.18333,123.5833
1994,6100,Prov. Kalimantan Barat,328445,23.34,766542,-0.0166667,109.3333
1994,6200,Prov. Kalimantan Tengah,180928,20.04,362497,-2.21,113.92
1994,6300,Prov. Kalimantan Selatan,390426,28.77,1123082,-3.314444,114.5925
1994,6400,Prov. Kalimantan Timur,132649,23.23,308154,-0.5022222,117.1536
1994,7100,Prov. Sulawesi Utara,97240,40.23,391186,1.493056,124.8414
1994,7200,Prov. Sulawesi Tengah,138601,32.41,449185,-0.9,119.8333
1994,7300,Prov. Sulawesi Selatan,795195,43.61,3467984,-5.133333,119.4167
1994,7400,Prov. Sulawesi Tenggara,80533,30.66,246936,-3.9675,122.5947
1994,7500,Prov. Gorontalo,0,0,0,0.5333334,123.0667
1994,7600,Prov. Sulawesi Barat,0,0,0,-2.668611,118.8622
1994,8100,Prov. Maluku,11662,25.64,29904,-3.7,128.1667
1994,8200,Prov. Maluku Utara,0,0,0,0.7833334,127.3667
1994,9100,Prov. Papua Barat,0,0,0,-0.8666667,134.0833
1994,9400,Prov. Papua,16573,25.86,42864,-2.533056,140.7169
1995,1100,Prov. Nanggroe Aceh Darussalam,339253,40.33,1368074,5.55,95.31667
1995,1200,Prov. Sumatera Utara,795183,39.42,3134533,3.583333,98.66666
1995,1300,Prov. Sumatera Barat,400627,45.66,1829192,-0.95,100.3531
1995,1400,Prov. Riau,152204,30.14,458756,0.4816667,101.4686
1995,1500,Prov. Jambi,193666,30.65,593502,-1.589167,103.61
1995,1600,Prov. Sumatera Selatan,492448,31.64,1557944,-2.990833,104.7567
1995,1700,Prov. Bengkulu,115914,32.55,377337,-3.795556,102.2592
1995,1800,Prov. Lampung,514363,37.79,1943709,-5.429722,105.2625
1995,1900,Prov. Kepulauan Bangka Belitung,0,0,0,-2.1,106.1
1995,2100,Prov. Kepulauan Riau,0,0,0,1.083333,104.4833
1995,3100,Prov. DKI Jakarta,4006,48.2,19309,-6.183333,106.8333
1995,3200,Prov. Jawa Barat,2125666,50.44,10722717,-6.914722,107.6097
1995,3300,Prov. Jawa Tengah,1587046,51.66,8198084,-6.966667,110.4167
1995,3400,Prov. D I Yogyakarta,135346,47.44,642120,-7.801389,110.3644
1995,3500,Prov. Jawa Timur,1627332,52.68,8572668,-7.266667,112.7167
1995,3600,Prov. Banten,0,0,0,-6.12,106.1503
1995,5100,Prov. Bali,157755,52.69,831172,-8.65,115.2167
1995,5200,Prov. Nusa Tenggara Barat,282656,43.72,1235882,-8.583333,116.1167
1995,5300,Prov. Nusa Tenggara Timur,159823,26.27,419929,-10.18333,123.5833
1995,6100,Prov. Kalimantan Barat,350044,23.64,827669,-0.0166667,109.3333
1995,6200,Prov. Kalimantan Tengah,184355,20.51,378129,-2.21,113.92
1995,6300,Prov. Kalimantan Selatan,410605,28.96,1189062,-3.314444,114.5925
1995,6400,Prov. Kalimantan Timur,152287,23.78,362193,-0.5022222,117.1536
1995,7100,Prov. Sulawesi Utara,98853,40.17,397113,1.493056,124.8414
1995,7200,Prov. Sulawesi Tengah,165800,32.55,539648,-0.9,119.8333
1995,7300,Prov. Sulawesi Selatan,850302,43.83,3727081,-5.133333,119.4167
1995,7400,Prov. Sulawesi Tenggara,90800,31.65,287355,-3.9675,122.5947
1995,7500,Prov. Gorontalo,0,0,0,0.5333334,123.0667
1995,7600,Prov. Sulawesi Barat,0,0,0,-2.668611,118.8622
1995,8100,Prov. Maluku,14862,23.65,35151,-3.7,128.1667
1995,8200,Prov. Maluku Utara,0,0,0,0.7833334,127.3667
1995,9100,Prov. Papua Barat,0,0,0,-0.8666667,134.0833
1995,9400,Prov. Papua,19484,25.21,49115,-2.533056,140.7169
1996,1100,Prov. Nanggroe Aceh Darussalam,348223,40.75,1419128,5.55,95.31667
1996,1200,Prov. Sumatera Utara,790051,39.7,3136760,3.583333,98.66666
1996,1300,Prov. Sumatera Barat,430343,45.8,1971180,-0.95,100.3531
1996,1400,Prov. Riau,150354,30.72,461905,0.4816667,101.4686
1996,1500,Prov. Jambi,215975,30.45,657650,-1.589167,103.61
1996,1600,Prov. Sumatera Selatan,495958,33.6,1666591,-2.990833,104.7567
1996,1700,Prov. Bengkulu,121929,32.56,396977,-3.795556,102.2592
1996,1800,Prov. Lampung,515192,38.27,1971740,-5.429722,105.2625
1996,1900,Prov. Kepulauan Bangka Belitung,0,0,0,-2.1,106.1
1996,2100,Prov. Kepulauan Riau,0,0,0,1.083333,104.4833
1996,3100,Prov. DKI Jakarta,3576,48.51,17347,-6.183333,106.8333
1996,3200,Prov. Jawa Barat,2118956,50.72,10747659,-6.914722,107.6097
1996,3300,Prov. Jawa Tengah,1606962,52.02,8359105,-6.966667,110.4167
1996,3400,Prov. D I Yogyakarta,137402,48.12,661179,-7.801389,110.3644
1996,3500,Prov. Jawa Timur,1622051,53.2,8628766,-7.266667,112.7167
1996,3600,Prov. Banten,0,0,0,-6.12,106.1503
1996,5100,Prov. Bali,158142,53.15,840564,-8.65,115.2167
1996,5200,Prov. Nusa Tenggara Barat,294243,43.88,1291140,-8.583333,116.1167
1996,5300,Prov. Nusa Tenggara Timur,176108,26.43,465534,-10.18333,123.5833
1996,6100,Prov. Kalimantan Barat,341104,24.58,838563,-0.0166667,109.3333
1996,6200,Prov. Kalimantan Tengah,179448,22.06,395896,-2.21,113.92
1996,6300,Prov. Kalimantan Selatan,405468,29.94,1214038,-3.314444,114.5925
1996,6400,Prov. Kalimantan Timur,157866,25.91,408969,-0.5022222,117.1536
1996,7100,Prov. Sulawesi Utara,117277,40.5,475018,1.493056,124.8414
1996,7200,Prov. Sulawesi Tengah,176767,33.03,583879,-0.9,119.8333
1996,7300,Prov. Sulawesi Selatan,860058,47.12,4052228,-5.133333,119.4167
1996,7400,Prov. Sulawesi Tenggara,94533,32.36,305940,-3.9675,122.5947
1996,7500,Prov. Gorontalo,0,0,0,0.5333334,123.0667
1996,7600,Prov. Sulawesi Barat,0,0,0,-2.668611,118.8622
1996,8100,Prov. Maluku,11900,26.25,31240,-3.7,128.1667
1996,8200,Prov. Maluku Utara,0,0,0,0.7833334,127.3667
1996,9100,Prov. Papua Barat,0,0,0,-0.8666667,134.0833
1996,9400,Prov. Papua,20159,24.75,49903,-2.533056,140.7169
1997,1100,Prov. Nanggroe Aceh Darussalam,337561,40.97,1382905,5.55,95.31667
1997,1200,Prov. Sumatera Utara,797545,40.28,3212208,3.583333,98.66666
1997,1300,Prov. Sumatera Barat,395728,45.18,1787719,-0.95,100.3531
1997,1400,Prov. Riau,137953,30.16,416135,0.4816667,101.4686
1997,1500,Prov. Jambi,190608,30.02,572269,-1.589167,103.61
1997,1600,Prov. Sumatera Selatan,469670,33.59,1577398,-2.990833,104.7567
1997,1700,Prov. Bengkulu,113915,33.54,382123,-3.795556,102.2592
1997,1800,Prov. Lampung,454087,38.62,1753656,-5.429722,105.2625
1997,1900,Prov. Kepulauan Bangka Belitung,0,0,0,-2.1,106.1
1997,2100,Prov. Kepulauan Riau,0,0,0,1.083333,104.4833
1997,3100,Prov. DKI Jakarta,3349,49.24,16491,-6.183333,106.8333
1997,3200,Prov. Jawa Barat,2040680,50.73,10352650,-6.914722,107.6097
1997,3300,Prov. Jawa Tengah,1597227,52.15,8328756,-6.966667,110.4167
1997,3400,Prov. D I Yogyakarta,134204,48.22,647198,-7.801389,110.3644
1997,3500,Prov. Jawa Timur,1605516,53.15,8533839,-7.266667,112.7167
1997,3600,Prov. Banten,0,0,0,-6.12,106.1503
1997,5100,Prov. Bali,148005,53.46,791196,-8.65,115.2167
1997,5200,Prov. Nusa Tenggara Barat,294679,43.93,1294483,-8.583333,116.1167
1997,5300,Prov. Nusa Tenggara Timur,175490,26.39,463154,-10.18333,123.5833
1997,6100,Prov. Kalimantan Barat,343809,24.12,829106,-0.0166667,109.3333
1997,6200,Prov. Kalimantan Tengah,177346,21.4,379548,-2.21,113.92
1997,6300,Prov. Kalimantan Selatan,392452,30.66,1203184,-3.314444,114.5925
1997,6400,Prov. Kalimantan Timur,156758,26.27,411745,-0.5022222,117.1536
1997,7100,Prov. Sulawesi Utara,96532,40.77,393593,1.493056,124.8414
1997,7200,Prov. Sulawesi Tengah,156515,33.46,523682,-0.9,119.8333
1997,7300,Prov. Sulawesi Selatan,804488,46.86,3769450,-5.133333,119.4167
1997,7400,Prov. Sulawesi Tenggara,80133,32.49,260334,-3.9675,122.5947
1997,7500,Prov. Gorontalo,0,0,0,0.5333334,123.0667
1997,7600,Prov. Sulawesi Barat,0,0,0,-2.668611,118.8622
1997,8100,Prov. Maluku,6788,26.34,17878,-3.7,128.1667
1997,8200,Prov. Maluku Utara,0,0,0,0.7833334,127.3667
1997,9100,Prov. Papua Barat,0,0,0,-0.8666667,134.0833
1997,9400,Prov. Papua,15358,24.99,38386,-2.533056,140.7169
1998,1100,Prov. Nanggroe Aceh Darussalam,365892,40.64,1486909,5.55,95.31667
1998,1200,Prov. Sumatera Utara,823749,40.32,3321049,3.583333,98.66666
1998,1300,Prov. Sumatera Barat,412810,43.79,1807622,-0.95,100.3531
1998,1400,Prov. Riau,126280,29.31,370124,0.4816667,101.4686
1998,1500,Prov. Jambi,178766,30.78,550277,-1.589167,103.61
1998,1600,Prov. Sumatera Selatan,621829,31.06,1931505,-2.990833,104.7567
1998,1700,Prov. Bengkulu,111158,33.78,375533,-3.795556,102.2592
1998,1800,Prov. Lampung,521575,37.88,1975700,-5.429722,105.2625
1998,1900,Prov. Kepulauan Bangka Belitung,0,0,0,-2.1,106.1
1998,2100,Prov. Kepulauan Riau,0,0,0,1.083333,104.4833
1998,3100,Prov. DKI Jakarta,3024,47.91,14488,-6.183333,106.8333
1998,3200,Prov. Jawa Barat,2179976,44.93,9795638,-6.914722,107.6097
1998,3300,Prov. Jawa Tengah,1714074,50.14,8594043,-6.966667,110.4167
1998,3400,Prov. D I Yogyakarta,137771,45.12,621605,-7.801389,110.3644
1998,3500,Prov. Jawa Timur,1717167,50.62,8691519,-7.266667,112.7167
1998,3600,Prov. Banten,0,0,0,-6.12,106.1503
1998,5100,Prov. Bali,155304,53.18,825934,-8.65,115.2167
1998,5200,Prov. Nusa Tenggara Barat,317326,42.38,1344717,-8.583333,116.1167
1998,5300,Prov. Nusa Tenggara Timur,165540,26.11,432219,-10.18333,123.5833
1998,6100,Prov. Kalimantan Barat,349421,23.68,827499,-0.0166667,109.3333
1998,6200,Prov. Kalimantan Tengah,138730,19.98,277141,-2.21,113.92
1998,6300,Prov. Kalimantan Selatan,399588,26.34,1052481,-3.314444,114.5925
1998,6400,Prov. Kalimantan Timur,61381,27.74,170256,-0.5022222,117.1536
1998,7100,Prov. Sulawesi Utara,82221,36.84,302890,1.493056,124.8414
1998,7200,Prov. Sulawesi Tengah,157246,31.44,494401,-0.9,119.8333
1998,7300,Prov. Sulawesi Selatan,848368,41.97,3560834,-5.133333,119.4167
1998,7400,Prov. Sulawesi Tenggara,87682,31.58,276913,-3.9675,122.5947
1998,7500,Prov. Gorontalo,0,0,0,0.5333334,123.0667
1998,7600,Prov. Sulawesi Barat,0,0,0,-2.668611,118.8622
1998,8100,Prov. Maluku,15915,24.81,39483,-3.7,128.1667
1998,8200,Prov. Maluku Utara,0,0,0,0.7833334,127.3667
1998,9100,Prov. Papua Barat,0,0,0,-0.8666667,134.0833
1998,9400,Prov. Papua,23706,24.92,59064,-2.533056,140.7169
1999,1100,Prov. Nanggroe Aceh Darussalam,359817,41.1,1478712,5.55,95.31667
1999,1200,Prov. Sumatera Utara,838626,41.16,3451430,3.583333,98.66666
1999,1300,Prov. Sumatera Barat,432254,43.9,1897678,-0.95,100.3531
1999,1400,Prov. Riau,155683,29.65,461630,0.4816667,101.4686
1999,1500,Prov. Jambi,178307,31.05,553641,-1.589167,103.61
1999,1600,Prov. Sumatera Selatan,530692,33.73,1789961,-2.990833,104.7567
1999,1700,Prov. Bengkulu,114788,33.24,381577,-3.795556,102.2592
1999,1800,Prov. Lampung,476899,37.77,1801422,-5.429722,105.2625
1999,1900,Prov. Kepulauan Bangka Belitung,0,0,0,-2.1,106.1
1999,2100,Prov. Kepulauan Riau,0,0,0,1.083333,104.4833
1999,3100,Prov. DKI Jakarta,3251,48.64,15813,-6.183333,106.8333
1999,3200,Prov. Jawa Barat,2181205,45.81,9993014,-6.914722,107.6097
1999,3300,Prov. Jawa Tengah,1688950,49.41,8345854,-6.966667,110.4167
1999,3400,Prov. D I Yogyakarta,134570,45.51,612393,-7.801389,110.3644
1999,3500,Prov. Jawa Timur,1758638,50.93,8956196,-7.266667,112.7167
1999,3600,Prov. Banten,0,0,0,-6.12,106.1503
1999,5100,Prov. Bali,154751,54.03,836055,-8.65,115.2167
1999,5200,Prov. Nusa Tenggara Barat,323212,43.19,1396077,-8.583333,116.1167
1999,5300,Prov. Nusa Tenggara Timur,172400,27.44,473000,-10.18333,123.5833
1999,6100,Prov. Kalimantan Barat,392717,24.69,969658,-0.0166667,109.3333
1999,6200,Prov. Kalimantan Tengah,140818,21.77,306567,-2.21,113.92
1999,6300,Prov. Kalimantan Selatan,453183,30.46,1380443,-3.314444,114.5925
1999,6400,Prov. Kalimantan Timur,147333,27.82,409884,-0.5022222,117.1536
1999,7100,Prov. Sulawesi Utara,87133,42.21,367804,1.493056,124.8414
1999,7200,Prov. Sulawesi Tengah,187017,34.21,639739,-0.9,119.8333
1999,7300,Prov. Sulawesi Selatan,902286,42.9,3870842,-5.133333,119.4167
1999,7400,Prov. Sulawesi Tenggara,99814,34.69,346214,-3.9675,122.5947
1999,7500,Prov. Gorontalo,0,0,0,0.5333334,123.0667
1999,7600,Prov. Sulawesi Barat,0,0,0,-2.668611,118.8622
1999,8100,Prov. Maluku,19681,24.82,48857,-3.7,128.1667
1999,8200,Prov. Maluku Utara,0,0,0,0.7833334,127.3667
1999,9100,Prov. Papua Barat,0,0,0,-0.8666667,134.0833
1999,9400,Prov. Papua,29179,28.08,81926,-2.533056,140.7169
2000,1100,Prov. Nanggroe Aceh Darussalam,336765,41.71,1404580,5.55,95.31667
2000,1200,Prov. Sumatera Utara,847610,41.46,3514253,3.583333,98.66666
2000,1300,Prov. Sumatera Barat,396919,44.32,1759059,-0.95,100.3531
2000,1400,Prov. Riau,141640,30.45,431351,0.4816667,101.4686
2000,1500,Prov. Jambi,171395,31.32,536779,-1.589167,103.61
2000,1600,Prov. Sumatera Selatan,555427,33.55,1863643,-2.990833,104.7567
2000,1700,Prov. Bengkulu,108751,33.38,362979,-3.795556,102.2592
2000,1800,Prov. Lampung,496879,39.17,1946406,-5.429722,105.2625
2000,1900,Prov. Kepulauan Bangka Belitung,0,0,0,-2.1,106.1
2000,2100,Prov. Kepulauan Riau,0,0,0,1.083333,104.4833
2000,3100,Prov. DKI Jakarta,3562,45.69,16275,-6.183333,106.8333
2000,3200,Prov. Jawa Barat,2188479,49.12,10749868,-6.914722,107.6097
2000,3300,Prov. Jawa Tengah,1669486,50.77,8475412,-6.966667,110.4167
2000,3400,Prov. D I Yogyakarta,137849,47.46,654289,-7.801389,110.3644
2000,3500,Prov. Jawa Timur,1754178,52.59,9224353,-7.266667,112.7167
2000,3600,Prov. Banten,0,0,0,-6.12,106.1503
2000,5100,Prov. Bali,155049,53.33,826838,-8.65,115.2167
2000,5200,Prov. Nusa Tenggara Barat,340635,43.69,1488191,-8.583333,116.1167
2000,5300,Prov. Nusa Tenggara Timur,176272,26.18,461413,-10.18333,123.5833
2000,6100,Prov. Kalimantan Barat,361163,25.01,903191,-0.0166667,109.3333
2000,6200,Prov. Kalimantan Tengah,161616,22.44,362630,-2.21,113.92
2000,6300,Prov. Kalimantan Selatan,432953,30.77,1332364,-3.314444,114.5925
2000,6400,Prov. Kalimantan Timur,138348,29.05,401955,-0.5022222,117.1536
2000,7100,Prov. Sulawesi Utara,121594,42.31,514477,1.493056,124.8414
2000,7200,Prov. Sulawesi Tengah,161093,35.81,576933,-0.9,119.8333
2000,7300,Prov. Sulawesi Selatan,806041,45.39,3658836,-5.133333,119.4167
2000,7400,Prov. Sulawesi Tenggara,85799,36.71,314955,-3.9675,122.5947
2000,7500,Prov. Gorontalo,0,0,0,0.5333334,123.0667
2000,7600,Prov. Sulawesi Barat,0,0,0,-2.668611,118.8622
2000,8100,Prov. Maluku,14819,24.49,36288,-3.7,128.1667
2000,8200,Prov. Maluku Utara,0,0,0,0.7833334,127.3667
2000,9100,Prov. Papua Barat,0,0,0,-0.8666667,134.0833
2000,9400,Prov. Papua,29153,27.97,81534,-2.533056,140.7169
2001,1100,Prov. Nanggroe Aceh Darussalam,295212,42.23,1246614,5.55,95.31667
2001,1200,Prov. Sumatera Utara,801948,41.04,3291515,3.583333,98.66666
2001,1300,Prov. Sumatera Barat,376710,44.3,1668955,-0.95,100.3531
2001,1400,Prov. Riau,132507,31.2,413391,0.4816667,101.4686
2001,1500,Prov. Jambi,164826,33.77,556564,-1.589167,103.61
2001,1600,Prov. Sumatera Selatan,511928,33.67,1723433,-2.990833,104.7567
2001,1700,Prov. Bengkulu,105212,35.83,376973,-3.795556,102.2592
2001,1800,Prov. Lampung,501119,39.77,1992726,-5.429722,105.2625
2001,1900,Prov. Kepulauan Bangka Belitung,7130,23.04,16430,-2.1,106.1
2001,2100,Prov. Kepulauan Riau,0,0,0,1.083333,104.4833
2001,3100,Prov. DKI Jakarta,3357,50.3,16886,-6.183333,106.8333
2001,3200,Prov. Jawa Barat,1866069,49.5,9237593,-6.914722,107.6097
2001,3300,Prov. Jawa Tengah,1650625,50.22,8289927,-6.966667,110.4167
2001,3400,Prov. D I Yogyakarta,137259,48.22,661802,-7.801389,110.3644
2001,3500,Prov. Jawa Timur,1708478,50.76,8672791,-7.266667,112.7167
2001,3600,Prov. Banten,335029,42.78,1433397,-6.12,106.1503
2001,5100,Prov. Bali,147942,53.35,789232,-8.65,115.2167
2001,5200,Prov. Nusa Tenggara Barat,330661,44.11,1458616,-8.583333,116.1167
2001,5300,Prov. Nusa Tenggara Timur,165621,27.05,448001,-10.18333,123.5833
2001,6100,Prov. Kalimantan Barat,361944,26.02,941630,-0.0166667,109.3333
2001,6200,Prov. Kalimantan Tengah,150690,23.9,360084,-2.21,113.92
2001,6300,Prov. Kalimantan Selatan,428040,32.85,1406070,-3.314444,114.5925
2001,6400,Prov. Kalimantan Timur,125463,29.23,366708,-0.5022222,117.1536
2001,7100,Prov. Sulawesi Utara,72271,43.01,310802,1.493056,124.8414
2001,7200,Prov. Sulawesi Tengah,146611,35.51,520642,-0.9,119.8333
2001,7300,Prov. Sulawesi Selatan,827265,45.07,3728736,-5.133333,119.4167
2001,7400,Prov. Sulawesi Tenggara,71497,36.85,263477,-3.9675,122.5947
2001,7500,Prov. Gorontalo,35639,44.58,158871,0.5333334,123.0667
2001,7600,Prov. Sulawesi Barat,0,0,0,-2.668611,118.8622
2001,8100,Prov. Maluku,14552,23.29,33885,-3.7,128.1667
2001,8200,Prov. Maluku Utara,0,0,0,0.7833334,127.3667
2001,9100,Prov. Papua Barat,0,0,0,-0.8666667,134.0833
2001,9400,Prov. Papua,24392,30.76,75031,-2.533056,140.7169
2002,1100,Prov. Nanggroe Aceh Darussalam,315131,41.7,1314165,5.55,95.31667
2002,1200,Prov. Sumatera Utara,765161,41.21,3153305,3.583333,98.66666
2002,1300,Prov. Sumatera Barat,424253,44.21,1875834,-0.95,100.3531
2002,1400,Prov. Riau,129025,30.74,396644,0.4816667,101.4686
2002,1500,Prov. Jambi,165729,33.85,561007,-1.589167,103.61
2002,1600,Prov. Sumatera Selatan,561724,33.82,1899849,-2.990833,104.7567
2002,1700,Prov. Bengkulu,109519,34.68,379818,-3.795556,102.2592
2002,1800,Prov. Lampung,475461,41.04,1951109,-5.429722,105.2625
2002,1900,Prov. Kepulauan Bangka Belitung,4497,22.94,10317,-2.1,106.1
2002,2100,Prov. Kepulauan Riau,0,0,0,1.083333,104.4833
2002,3100,Prov. DKI Jakarta,2322,48.68,11303,-6.183333,106.8333
2002,3200,Prov. Jawa Barat,1792320,51.15,9166872,-6.914722,107.6097
2002,3300,Prov. Jawa Tengah,1653442,51.43,8503523,-6.966667,110.4167
2002,3400,Prov. D I Yogyakarta,134848,48.47,653577,-7.801389,110.3644
2002,3500,Prov. Jawa Timur,1686431,52.2,8803878,-7.266667,112.7167
2002,3600,Prov. Banten,338666,43.37,1468765,-6.12,106.1503
2002,5100,Prov. Bali,148660,54.42,808970,-8.65,115.2167
2002,5200,Prov. Nusa Tenggara Barat,310969,44.06,1370171,-8.583333,116.1167
2002,5300,Prov. Nusa Tenggara Timur,165858,28.22,468011,-10.18333,123.5833
2002,6100,Prov. Kalimantan Barat,346572,28.44,985489,-0.0166667,109.3333
2002,6200,Prov. Kalimantan Tengah,157855,25.04,395239,-2.21,113.92
2002,6300,Prov. Kalimantan Selatan,421399,31.94,1346007,-3.314444,114.5925
2002,6400,Prov. Kalimantan Timur,153214,28.89,442633,-0.5022222,117.1536
2002,7100,Prov. Sulawesi Utara,80363,43.06,346079,1.493056,124.8414
2002,7200,Prov. Sulawesi Tengah,197029,37.86,746023,-0.9,119.8333
2002,7300,Prov. Sulawesi Selatan,837878,46.47,3893915,-5.133333,119.4167
2002,7400,Prov. Sulawesi Tenggara,79251,37.7,298813,-3.9675,122.5947
2002,7500,Prov. Gorontalo,34652,44.22,153222,0.5333334,123.0667
2002,7600,Prov. Sulawesi Barat,0,0,0,-2.668611,118.8622
2002,8100,Prov. Maluku,4534,26.54,12033,-3.7,128.1667
2002,8200,Prov. Maluku Utara,0,0,0,0.7833334,127.3667
2002,9100,Prov. Papua Barat,0,0,0,-0.8666667,134.0833
2002,9400,Prov. Papua,24403,29.96,73123,-2.533056,140.7169
2003,1100,Prov. Nanggroe Aceh Darussalam,367636,42.09,1547499,5.55,95.31667
2003,1200,Prov. Sumatera Utara,825188,41.24,3403075,3.583333,98.66666
2003,1300,Prov. Sumatera Barat,411860,44.28,1823739,-0.95,100.3531
2003,1400,Prov. Riau,132887,31.17,414237,0.4816667,101.4686
2003,1500,Prov. Jambi,159463,36.27,578346,-1.589167,103.61
2003,1600,Prov. Sumatera Selatan,570010,34.69,1977345,-2.990833,104.7567
2003,1700,Prov. Bengkulu,110550,37.39,413375,-3.795556,102.2592
2003,1800,Prov. Lampung,472635,41.6,1966293,-5.429722,105.2625
2003,1900,Prov. Kepulauan Bangka Belitung,5236,23.25,12173,-2.1,106.1
2003,2100,Prov. Kepulauan Riau,0,0,0,1.083333,104.4833
2003,3100,Prov. DKI Jakarta,1724,43.84,7558,-6.183333,106.8333
2003,3200,Prov. Jawa Barat,1664386,52.73,8776889,-6.914722,107.6097
2003,3300,Prov. Jawa Tengah,1535625,52.9,8123839,-6.966667,110.4167
2003,3400,Prov. D I Yogyakarta,130681,49.91,652280,-7.801389,110.3644
2003,3500,Prov. Jawa Timur,1695514,52.58,8914995,-7.266667,112.7167
2003,3600,Prov. Banten,348033,48.61,1691923,-6.12,106.1503
2003,5100,Prov. Bali,145294,54.6,793260,-8.65,115.2167
2003,5200,Prov. Nusa Tenggara Barat,319417,44.53,1422440,-8.583333,116.1167
2003,5300,Prov. Nusa Tenggara Timur,176381,28.88,509419,-10.18333,123.5833
2003,6100,Prov. Kalimantan Barat,353434,29.06,1027122,-0.0166667,109.3333
2003,6200,Prov. Kalimantan Tengah,195249,25.1,490080,-2.21,113.92
2003,6300,Prov. Kalimantan Selatan,438487,32.16,1410141,-3.314444,114.5925
2003,6400,Prov. Kalimantan Timur,135809,31.68,430286,-0.5022222,117.1536
2003,7100,Prov. Sulawesi Utara,84385,43.84,369930,1.493056,124.8414
2003,7200,Prov. Sulawesi Tengah,190106,38.85,738607,-0.9,119.8333
2003,7300,Prov. Sulawesi Selatan,847305,47.24,4003079,-5.133333,119.4167
2003,7400,Prov. Sulawesi Tenggara,91230,36.64,334307,-3.9675,122.5947
2003,7500,Prov. Gorontalo,34635,45.09,156158,0.5333334,123.0667
2003,7600,Prov. Sulawesi Barat,0,0,0,-2.668611,118.8622
2003,8100,Prov. Maluku,9436,33.05,31189,-3.7,128.1667
2003,8200,Prov. Maluku Utara,16409,36.65,60131,0.7833334,127.3667
2003,9100,Prov. Papua Barat,0,0,0,-0.8666667,134.0833
2003,9400,Prov. Papua,19029,30.42,57889,-2.533056,140.7169
2004,1100,Prov. Nanggroe Aceh Darussalam,370966,41.84,1552078,5.55,95.31667
2004,1200,Prov. Sumatera Utara,826091,41.39,3418782,3.583333,98.66666
2004,1300,Prov. Sumatera Barat,422582,44.37,1875188,-0.95,100.3531
2004,1400,Prov. Riau,145239,31.27,454186,0.4816667,101.4686
2004,1500,Prov. Jambi,156803,36.95,579404,-1.589167,103.61
2004,1600,Prov. Sumatera Selatan,625013,36.17,2260794,-2.990833,104.7567
2004,1700,Prov. Bengkulu,110929,37.39,414741,-3.795556,102.2592
2004,1800,Prov. Lampung,495519,42.22,2091996,-5.429722,105.2625
2004,1900,Prov. Kepulauan Bangka Belitung,7402,25.35,18763,-2.1,106.1
2004,2100,Prov. Kepulauan Riau,0,0,0,1.083333,104.4833
2004,3100,Prov. DKI Jakarta,2941,45.78,13465,-6.183333,106.8333
2004,3200,Prov. Jawa Barat,1880142,51.07,9602302,-6.914722,107.6097
2004,3300,Prov. Jawa Tengah,1635922,52.16,8512555,-6.966667,110.4167
2004,3400,Prov. D I Yogyakarta,132869,53.05,692998,-7.801389,110.3644
2004,3500,Prov. Jawa Timur,1697024,49.7,9002025,-7.266667,112.7167
2004,3600,Prov. Banten,364721,52.04,1812495,-6.12,106.1503
2004,5100,Prov. Bali,144146,54.69,788360,-8.65,115.2167
2004,5200,Prov. Nusa Tenggara Barat,325984,44.99,1466757,-8.583333,116.1167
2004,5300,Prov. Nusa Tenggara Timur,183728,30.06,552205,-10.18333,123.5833
2004,6100,Prov. Kalimantan Barat,365218,29.04,1060652,-0.0166667,109.3333
2004,6200,Prov. Kalimantan Tengah,229003,25.78,590434,-2.21,113.92
2004,6300,Prov. Kalimantan Selatan,443508,34.26,1519432,-3.314444,114.5925
2004,6400,Prov. Kalimantan Timur,141348,34.4,486167,-0.5022222,117.1536
2004,7100,Prov. Sulawesi Utara,92439,44.07,407358,1.493056,124.8414
2004,7200,Prov. Sulawesi Tengah,181705,39.94,725725,-0.9,119.8333
2004,7300,Prov. Sulawesi Selatan,772773,45.98,3552835,-5.133333,119.4167
2004,7400,Prov. Sulawesi Tenggara,84888,37.97,322362,-3.9675,122.5947
2004,7500,Prov. Gorontalo,37741,43.21,163094,0.5333334,123.0667
2004,7600,Prov. Sulawesi Barat,0,0,0,-2.668611,118.8622
2004,8100,Prov. Maluku,11160,32.39,36148,-3.7,128.1667
2004,8200,Prov. Maluku Utara,15216,34.04,51800,0.7833334,127.3667
2004,9100,Prov. Papua Barat,0,0,0,-0.8666667,134.0833
2004,9400,Prov. Papua,19954,31.76,63367,-2.533056,140.7169
2005,1100,Prov. Nanggroe Aceh Darussalam,337893,41.78,1411650,5.55,95.31667
2005,1200,Prov. Sumatera Utara,822073,41.94,3447394,3.583333,98.66666
2005,1300,Prov. Sumatera Barat,426950,44.67,1907390,-0.95,100.3531
2005,1400,Prov. Riau,134418,31.55,424095,0.4816667,101.4686
2005,1500,Prov. Jambi,154941,37.41,579635,-1.589167,103.61
2005,1600,Prov. Sumatera Selatan,626849,37.01,2320110,-2.990833,104.7567
2005,1700,Prov. Bengkulu,116818,37.77,441276,-3.795556,102.2592
2005,1800,Prov. Lampung,496538,42.78,2124144,-5.429722,105.2625
2005,1900,Prov. Kepulauan Bangka Belitung,6691,28.44,19027,-2.1,106.1
2005,2100,Prov. Kepulauan Riau,107,29.16,312,1.083333,104.4833
2005,3100,Prov. DKI Jakarta,2668,49.98,13335,-6.183333,106.8333
2005,3200,Prov. Jawa Barat,1894796,51.65,9787217,-6.914722,107.6097
2005,3300,Prov. Jawa Tengah,1611107,52.29,8424096,-6.966667,110.4167
2005,3400,Prov. D I Yogyakarta,130973,51.21,670703,-7.801389,110.3644
2005,3500,Prov. Jawa Timur,1693651,53.18,9007265,-7.266667,112.7167
2005,3600,Prov. Banten,374755,49.68,1861776,-6.12,106.1503
2005,5100,Prov. Bali,142356,55.28,786961,-8.65,115.2167
2005,5200,Prov. Nusa Tenggara Barat,300394,45.54,1367869,-8.583333,116.1167
2005,5300,Prov. Nusa Tenggara Timur,162539,28.36,461007,-10.18333,123.5833
2005,6100,Prov. Kalimantan Barat,352305,29.06,1023684,-0.0166667,109.3333
2005,6200,Prov. Kalimantan Tengah,203595,24.18,492250,-2.21,113.92
2005,6300,Prov. Kalimantan Selatan,459541,34.79,1598835,-3.314444,114.5925
2005,6400,Prov. Kalimantan Timur,140996,35.43,499558,-0.5022222,117.1536
2005,7100,Prov. Sulawesi Utara,94944,45.57,432624,1.493056,124.8414
2005,7200,Prov. Sulawesi Tengah,175489,40.85,716906,-0.9,119.8333
2005,7300,Prov. Sulawesi Selatan,730611,46.4,3390397,-5.133333,119.4167
2005,7400,Prov. Sulawesi Tenggara,91585,37.11,339847,-3.9675,122.5947
2005,7500,Prov. Gorontalo,39110,42.74,167152,0.5333334,123.0667
2005,7600,Prov. Sulawesi Barat,59767,42.48,253886,-2.668611,118.8622
2005,8100,Prov. Maluku,11341,32.84,37239,-3.7,128.1667
2005,8200,Prov. Maluku Utara,16953,34.18,57945,0.7833334,127.3667
2005,9100,Prov. Papua Barat,7823,32.9,24702,-0.8666667,134.0833
2005,9400,Prov. Papua,18483,31.58,60810,-2.533056,140.7169
2006,1100,Prov. Nanggroe Aceh Darussalam,320789,42.11,1350748,5.55,95.31667
2006,1200,Prov. Sumatera Utara,705023,42.66,3007636,3.583333,98.66666
2006,1300,Prov. Sumatera Barat,417846,45.22,1889489,-0.95,100.3531
2006,1400,Prov. Riau,136177,31.53,42938,0.4816667,101.4686
2006,1500,Prov. Jambi,140613,38.73,544597,-1.589167,103.61
2006,1600,Prov. Sumatera Selatan,646927,37.97,2456251,-2.990833,104.7567
2006,1700,Prov. Bengkulu,100991,37.47,378377,-3.795556,102.2592
2006,1800,Prov. Lampung,494102,43.11,2129914,-5.429722,105.2625
2006,1900,Prov. Kepulauan Bangka Belitung,5741,28.75,16506,-2.1,106.1
2006,2100,Prov. Kepulauan Riau,116,28.62,332,1.083333,104.4833
2006,3100,Prov. DKI Jakarta,1323,46.84,6197,-6.183333,106.8333
2006,3200,Prov. Jawa Barat,1798260,52.38,9418572,-6.914722,107.6097
2006,3300,Prov. Jawa Tengah,1672315,52.2,8729291,-6.966667,110.4167
2006,3400,Prov. D I Yogyakarta,132374,53.5,708163,-7.801389,110.3644
2006,3500,Prov. Jawa Timur,1750903,53.38,9346947,-7.266667,112.7167
2006,3600,Prov. Banten,348414,50.27,1751468,-6.12,106.1503
2006,5100,Prov. Bali,150557,55.85,840891,-8.65,115.2167
2006,5200,Prov. Nusa Tenggara Barat,341418,45.48,1552627,-8.583333,116.1167
2006,5300,Prov. Nusa Tenggara Timur,173208,29.55,511911,-10.18333,123.5833
2006,6100,Prov. Kalimantan Barat,378042,29.3,1107661,-0.0166667,109.3333
2006,6200,Prov. Kalimantan Tengah,202664,24.26,491712,-2.21,113.92
2006,6300,Prov. Kalimantan Selatan,462672,35.38,1636840,-3.314444,114.5925
2006,6400,Prov. Kalimantan Timur,150549,35.95,541171,-0.5022222,117.1536
2006,7100,Prov. Sulawesi Utara,94717,48.03,454902,1.493056,124.8414
2006,7200,Prov. Sulawesi Tengah,179078,41.31,739777,-0.9,119.8333
2006,7300,Prov. Sulawesi Selatan,719846,46.75,3365509,-5.133333,119.4167
2006,7400,Prov. Sulawesi Tenggara,93826,37.24,349429,-3.9675,122.5947
2006,7500,Prov. Gorontalo,43953,43.82,192583,0.5333334,123.0667
2006,7600,Prov. Sulawesi Barat,64462,46.79,301616,-2.668611,118.8622
2006,8100,Prov. Maluku,13866,35.94,49833,-3.7,128.1667
2006,8200,Prov. Maluku Utara,17355,34.12,59215,0.7833334,127.3667
2006,9100,Prov. Papua Barat,8405,32.21,27073,-0.8666667,134.0833
2006,9400,Prov. Papua,19898,34.33,68319,-2.533056,140.7169
2007,1100,Prov. Nanggroe Aceh Darussalam,360717,42.51,1533369,5.55,95.31667
2007,1200,Prov. Sumatera Utara,750232,43.53,3265834,3.583333,98.66666
2007,1300,Prov. Sumatera Barat,423655,45.75,1938120,-0.95,100.3531
2007,1400,Prov. Riau,147167,33.3,490087,0.4816667,101.4686
2007,1500,Prov. Jambi,149888,39.14,58663,-1.589167,103.61
2007,1600,Prov. Sumatera Selatan,691467,39.81,2753044,-2.990833,104.7567
2007,1700,Prov. Bengkulu,123853,37.99,470469,-3.795556,102.2592
2007,1800,Prov. Lampung,524955,43.97,2308404,-5.429722,105.2625
2007,1900,Prov. Kepulauan Bangka Belitung,901,27.07,2439,-2.1,106.1
2007,2100,Prov. Kepulauan Riau,117,29.32,343,1.083333,104.4833
2007,3100,Prov. DKI Jakarta,1544,51.83,8002,-6.183333,106.8333
2007,3200,Prov. Jawa Barat,1829085,54.2,9914019,-6.914722,107.6097
2007,3300,Prov. Jawa Tengah,1614098,53.38,8616855,-6.966667,110.4167
2007,3400,Prov. D I Yogyakarta,133369,53.18,709294,-7.801389,110.3644
2007,3500,Prov. Jawa Timur,1736048,54.16,9402029,-7.266667,112.7167
2007,3600,Prov. Banten,356803,50.9,1816140,-6.12,106.1503
2007,5100,Prov. Bali,14503,57.9,839775,-8.65,115.2167
2007,5200,Prov. Nusa Tenggara Barat,331916,45.99,1526347,-8.583333,116.1167
2007,5300,Prov. Nusa Tenggara Timur,166753,30.32,505628,-10.18333,123.5833
2007,6100,Prov. Kalimantan Barat,399832,30.64,1225259,-0.0166667,109.3333
2007,6200,Prov. Kalimantan Tengah,229665,24.49,562473,-2.21,113.92
2007,6300,Prov. Kalimantan Selatan,505846,38.63,1953868,-3.314444,114.5925
2007,6400,Prov. Kalimantan Timur,155484,36.5,567501,-0.5022222,117.1536
2007,7100,Prov. Sulawesi Utara,103189,47.97,49495,1.493056,124.8414
2007,7200,Prov. Sulawesi Tengah,204342,41.96,857508,-0.9,119.8333
2007,7300,Prov. Sulawesi Selatan,770733,47.16,3635139,-5.133333,119.4167
2007,7400,Prov. Sulawesi Tenggara,110498,38.31,423316,-3.9675,122.5947
2007,7500,Prov. Gorontalo,44548,44.99,200421,0.5333334,123.0667
2007,7600,Prov. Sulawesi Barat,6663,46.93,312676,-2.668611,118.8622
2007,8100,Prov. Maluku,15352,37.21,57132,-3.7,128.1667
2007,8200,Prov. Maluku Utara,14497,33.48,48531,0.7833334,127.3667
2007,9100,Prov. Papua Barat,8357,33.75,28204,-0.8666667,134.0833
2007,9400,Prov. Papua,22957,35.58,81678,-2.533056,140.7169
2008,1100,Prov. Nanggroe Aceh Darussalam,329109,42.61,1402287,5.55,95.31667
2008,1200,Prov. Sumatera Utara,748540,44.63,3340794,3.583333,98.66666
2008,1300,Prov. Sumatera Barat,421902,46.59,1965634,-0.95,100.3531
2008,1400,Prov. Riau,147796,33.44,494260,0.4816667,101.4686
2008,1500,Prov. Jambi,143034,40.67,581704,-1.589167,103.61
2008,1600,Prov. Sumatera Selatan,718797,41.34,2971286,-2.990833,104.7567
2008,1700,Prov. Bengkulu,127506,38.03,484900,-3.795556,102.2592
2008,1800,Prov. Lampung,506547,46.22,2341075,-5.429722,105.2625
2008,1900,Prov. Kepulauan Bangka Belitung,6266,24.06,15079,-2.1,106.1
2008,2100,Prov. Kepulauan Riau,134,30.15,404,1.083333,104.4833
2008,3100,Prov. DKI Jakarta,1640,50.93,8352,-6.183333,106.8333
2008,3200,Prov. Jawa Barat,1803628,56.06,10111069,-6.914722,107.6097
2008,3300,Prov. Jawa Tengah,1659314,55.06,9136405,-6.966667,110.4167
2008,3400,Prov. D I Yogyakarta,140167,56.95,798232,-7.801389,110.3644
2008,3500,Prov. Jawa Timur,1774884,59.02,10474773,-7.266667,112.7167
2008,3600,Prov. Banten,362637,50.14,1818166,-6.12,106.1503
2008,5100,Prov. Bali,143999,58.37,840465,-8.65,115.2167
2008,5200,Prov. Nusa Tenggara Barat,359714,48.67,1750677,-8.583333,116.1167
2008,5300,Prov. Nusa Tenggara Timur,187907,30.75,577895,-10.18333,123.5833
2008,6100,Prov. Kalimantan Barat,423601,31.2,1321443,-0.0166667,109.3333
2008,6200,Prov. Kalimantan Tengah,205684,25.41,522732,-2.21,113.92
2008,6300,Prov. Kalimantan Selatan,507319,38.52,1954284,-3.314444,114.5925
2008,6400,Prov. Kalimantan Timur,157341,37.25,586031,-0.5022222,117.1536
2008,7100,Prov. Sulawesi Utara,109951,47.31,520193,1.493056,124.8414
2008,7200,Prov. Sulawesi Tengah,211876,46.51,985418,-0.9,119.8333
2008,7300,Prov. Sulawesi Selatan,836298,48.83,4083356,-5.133333,119.4167
2008,7400,Prov. Sulawesi Tenggara,102520,39.53,405256,-3.9675,122.5947
2008,7500,Prov. Gorontalo,46942,50.67,237873,0.5333334,123.0667
2008,7600,Prov. Sulawesi Barat,72471,47.36,343221,-2.668611,118.8622
2008,8100,Prov. Maluku,19142,39.61,75826,-3.7,128.1667
2008,8200,Prov. Maluku Utara,14831,34.79,51599,0.7833334,127.3667
2008,9100,Prov. Papua Barat,11467,34.48,39537,-0.8666667,134.0833
2008,9400,Prov. Papua,24461,35.03,85699,-2.533056,140.7169
2009,1100,Prov. Nanggroe Aceh Darussalam,359375,43.32,1556858,5.55,95.31667
2009,1200,Prov. Sumatera Utara,768407,45.91,3527899,3.583333,98.66666
2009,1300,Prov. Sumatera Barat,439542,47.91,2105790,-0.95,100.3531
2009,1400,Prov. Riau,149423,35.57,531429,0.4816667,101.4686
2009,1500,Prov. Jambi,155802,41.4,644947,-1.589167,103.61
2009,1600,Prov. Sumatera Selatan,746465,41.87,3125236,-2.990833,104.7567
2009,1700,Prov. Bengkulu,132975,38.37,510160,-3.795556,102.2592
2009,1800,Prov. Lampung,570417,46.88,2673844,-5.429722,105.2625
2009,1900,Prov. Kepulauan Bangka Belitung,8063,24.64,19864,-2.1,106.1
2009,2100,Prov. Kepulauan Riau,144,29.86,430,1.083333,104.4833
2009,3100,Prov. DKI Jakarta,1974,55.79,11013,-6.183333,106.8333
2009,3200,Prov. Jawa Barat,1950203,58.06,11322681,-6.914722,107.6097
2009,3300,Prov. Jawa Tengah,1725034,55.65,9600415,-6.966667,110.4167
2009,3400,Prov. D I Yogyakarta,145424,57.62,837930,-7.801389,110.3644
2009,3500,Prov. Jawa Timur,1904830,59.11,11259085,-7.266667,112.7167
2009,3600,Prov. Banten,366138,50.5,1849007,-6.12,106.1503
2009,5100,Prov. Bali,150283,58.47,878764,-8.65,115.2167
2009,5200,Prov. Nusa Tenggara Barat,374279,49.98,1870775,-8.583333,116.1167
2009,5300,Prov. Nusa Tenggara Timur,194219,31.27,607359,-10.18333,123.5833
2009,6100,Prov. Kalimantan Barat,418929,31.05,1300798,-0.0166667,109.3333
2009,6200,Prov. Kalimantan Tengah,214480,26.98,578761,-2.21,113.92
2009,6300,Prov. Kalimantan Selatan,490069,39.93,1956993,-3.314444,114.5925
2009,6400,Prov. Kalimantan Timur,146177,38.01,555560,-0.5022222,117.1536
2009,7100,Prov. Sulawesi Utara,114745,47.85,549087,1.493056,124.8414
2009,7200,Prov. Sulawesi Tengah,211232,45.14,953396,-0.9,119.8333
2009,7300,Prov. Sulawesi Selatan,862017,50.16,4324178,-5.133333,119.4167
2009,7400,Prov. Sulawesi Tenggara,98130,41.51,407367,-3.9675,122.5947
2009,7500,Prov. Gorontalo,48042,53.48,256934,0.5333334,123.0667
2009,7600,Prov. Sulawesi Barat,64973,47.82,310706,-2.668611,118.8622
2009,8100,Prov. Maluku,21252,42.29,89875,-3.7,128.1667
2009,8200,Prov. Maluku Utara,13711,33.73,46253,0.7833334,127.3667
2009,9100,Prov. Papua Barat,10486,35.27,36985,-0.8666667,134.0833
2009,9400,Prov. Papua,26336,37.41,98511,-2.533056,140.7169
2010,1100,Prov. Nanggroe Aceh Darussalam,352281,44.92,1582393,5.55,95.31667
2010,1200,Prov. Sumatera Utara,754674,47.47,3582302,3.583333,98.66666
2010,1300,Prov. Sumatera Barat,460497,48.02,2211248,-0.95,100.3531
2010,1400,Prov. Riau,156088,36.83,574864,0.4816667,101.4686
2010,1500,Prov. Jambi,153897,40.86,628828,-1.589167,103.61
2010,1600,Prov. Sumatera Selatan,769478,42.53,3272451,-2.990833,104.7567
2010,1700,Prov. Bengkulu,133629,38.68,516869,-3.795556,102.2592
2010,1800,Prov. Lampung,590608,47.54,2807676,-5.429722,105.2625
2010,1900,Prov. Kepulauan Bangka Belitung,8180,27.21,22259,-2.1,106.1
2010,2100,Prov. Kepulauan Riau,396,31.46,1246,1.083333,104.4833
2010,3100,Prov. DKI Jakarta,2015,55.4,11164,-6.183333,106.8333
2010,3200,Prov. Jawa Barat,2037657,57.6,11737070,-6.914722,107.6097
2010,3300,Prov. Jawa Tengah,1801397,56.13,10110830,-6.966667,110.4167
2010,3400,Prov. D I Yogyakarta,147058,56.02,823887,-7.801389,110.3644
2010,3500,Prov. Jawa Timur,1963983,59.29,11643773,-7.266667,112.7167
2010,3600,Prov. Banten,406411,50.39,2048047,-6.12,106.1503
2010,5100,Prov. Bali,152190,57.11,869161,-8.65,115.2167
2010,5200,Prov. Nusa Tenggara Barat,374284,47.41,1774499,-8.583333,116.1167
2010,5300,Prov. Nusa Tenggara Timur,174674,31.8,555493,-10.18333,123.5833
2010,6100,Prov. Kalimantan Barat,428461,31.37,1343888,-0.0166667,109.3333
2010,6200,Prov. Kalimantan Tengah,247577,26.27,650416,-2.21,113.92
2010,6300,Prov. Kalimantan Selatan,471166,39.1,1842089,-3.314444,114.5925
2010,6400,Prov. Kalimantan Timur,150031,39.25,588879,-0.5022222,117.1536
2010,7100,Prov. Sulawesi Utara,119771,48.76,584030,1.493056,124.8414
2010,7200,Prov. Sulawesi Tengah,208628,45.88,957108,-0.9,119.8333
2010,7300,Prov. Sulawesi Selatan,886354,49.44,4382443,-5.133333,119.4167
2010,7400,Prov. Sulawesi Tenggara,107751,42.19,454644,-3.9675,122.5947
2010,7500,Prov. Gorontalo,45937,55.2,253563,0.5333334,123.0667
2010,7600,Prov. Sulawesi Barat,75923,47.8,362900,-2.668611,118.8622
2010,8100,Prov. Maluku,20233,41.08,83109,-3.7,128.1667
2010,8200,Prov. Maluku Utara,16071,34.47,55401,0.7833334,127.3667
2010,9100,Prov. Papua Barat,9464,36.19,34254,-0.8666667,134.0833
2010,9400,Prov. Papua,26686,38.45,102610,-2.533056,140.7169
2011,1100,Prov. Nanggroe Aceh Darussalam,380686,46.57,1772962,5.55,95.31667
2011,1200,Prov. Sumatera Utara,757547,47.62,3607403,3.583333,98.66666
2011,1300,Prov. Sumatera Barat,461709,49.37,2279602,-0.95,100.3531
2011,1400,Prov. Riau,145242,36.89,535788,0.4816667,101.4686
2011,1500,Prov. Jambi,157441,41.07,646641,-1.589167,103.61
2011,1600,Prov. Sumatera Selatan,784820,43.13,3384670,-2.990833,104.7567
2011,1700,Prov. Bengkulu,127934,39.28,502552,-3.795556,102.2592
2011,1800,Prov. Lampung,606973,48.45,2940795,-5.429722,105.2625
2011,1900,Prov. Kepulauan Bangka Belitung,5299,28.71,15211,-2.1,106.1
2011,2100,Prov. Kepulauan Riau,387,31.6,1223,1.083333,104.4833
2011,3100,Prov. DKI Jakarta,1723,55.23,9516,-6.183333,106.8333
2011,3200,Prov. Jawa Barat,1964466,59.22,11633891,-6.914722,107.6097
2011,3300,Prov. Jawa Tengah,1724246,54.47,9391959,-6.966667,110.4167
2011,3400,Prov. D I Yogyakarta,150827,55.89,842934,-7.801389,110.3644
2011,3500,Prov. Jawa Timur,1926796,54.89,10576543,-7.266667,112.7167
2011,3600,Prov. Banten,397021,49.11,1949714,-6.12,106.1503
2011,5100,Prov. Bali,152585,56.25,858316,-8.65,115.2167
2011,5200,Prov. Nusa Tenggara Barat,418062,49.45,2067137,-8.583333,116.1167
2011,5300,Prov. Nusa Tenggara Timur,195201,30.3,591371,-10.18333,123.5833
2011,6100,Prov. Kalimantan Barat,444353,30.9,1372988,-0.0166667,109.3333
2011,6200,Prov. Kalimantan Tengah,214161,28.49,610236,-2.21,113.92
2011,6300,Prov. Kalimantan Selatan,489134,41.67,2038309,-3.314444,114.5925
2011,6400,Prov. Kalimantan Timur,140215,39.41,552616,-0.5022222,117.1536
2011,7100,Prov. Sulawesi Utara,122108,48.83,596223,1.493056,124.8414
2011,7200,Prov. Sulawesi Tengah,221846,46.96,1041789,-0.9,119.8333
2011,7300,Prov. Sulawesi Selatan,889232,50.74,4511705,-5.133333,119.4167
2011,7400,Prov. Sulawesi Tenggara,118916,41.34,491567,-3.9675,122.5947
2011,7500,Prov. Gorontalo,52811,51.87,273921,0.5333334,123.0667
2011,7600,Prov. Sulawesi Barat,76347,47.9,365683,-2.668611,118.8622
2011,8100,Prov. Maluku,21227,41.21,87468,-3.7,128.1667
2011,8200,Prov. Maluku Utara,16783,36.6,61430,0.7833334,127.3667
2011,9100,Prov. Papua Barat,8283,35.38,29304,-0.8666667,134.0833
2011,9400,Prov. Papua,29262,39.45,115437,-2.533056,140.7169
2012,1100,Prov. Nanggroe Aceh Darussalam,387803,46.12,1788738,5.55,95.31667
2012,1200,Prov. Sumatera Utara,765099,48.56,3715514,3.583333,98.66666
2012,1300,Prov. Sumatera Barat,476422,49.71,2368390,-0.95,100.3531
2012,1400,Prov. Riau,144015,35.56,512152,0.4816667,101.4686
2012,1500,Prov. Jambi,149369,41.85,625164,-1.589167,103.61
2012,1600,Prov. Sumatera Selatan,769725,42.81,3295247,-2.990833,104.7567
2012,1700,Prov. Bengkulu,144448,40.29,581910,-3.795556,102.2592
2012,1800,Prov. Lampung,641876,48.32,3101455,-5.429722,105.2625
2012,1900,Prov. Kepulauan Bangka Belitung,7995,28.01,22395,-2.1,106.1
2012,2100,Prov. Kepulauan Riau,382,34.63,1323,1.083333,104.4833
2012,3100,Prov. DKI Jakarta,1897,58.22,11044,-6.183333,106.8333
2012,3200,Prov. Jawa Barat,1918799,58.74,11271861,-6.914722,107.6097
2012,3300,Prov. Jawa Tengah,1773558,57.7,10232934,-6.966667,110.4167
2012,3400,Prov. D I Yogyakarta,152912,61.88,946224,-7.801389,110.3644
2012,3500,Prov. Jawa Timur,1975719,61.74,12198707,-7.266667,112.7167
2012,3600,Prov. Banten,362636,51.45,1865893,-6.12,106.1503
2012,5100,Prov. Bali,149000,58.09,865553,-8.65,115.2167
2012,5200,Prov. Nusa Tenggara Barat,425448,49.69,2114231,-8.583333,116.1167
2012,5300,Prov. Nusa Tenggara Timur,200094,34.91,698566,-10.18333,123.5833
2012,6100,Prov. Kalimantan Barat,427798,30.39,1300100,-0.0166667,109.3333
2012,6200,Prov. Kalimantan Tengah,251787,30.01,755507,-2.21,113.92
2012,6300,Prov. Kalimantan Selatan,496082,42.05,2086221,-3.314444,114.5925
2012,6400,Prov. Kalimantan Timur,142573,39.42,561959,-0.5022222,117.1536
2012,7100,Prov. Sulawesi Utara,126931,48.46,615062,1.493056,124.8414
2012,7200,Prov. Sulawesi Tengah,229080,44.71,1024316,-0.9,119.8333
2012,7300,Prov. Sulawesi Selatan,981394,50.98,5003011,-5.133333,119.4167
2012,7400,Prov. Sulawesi Tenggara,124511,41.47,516291,-3.9675,122.5947
2012,7500,Prov. Gorontalo,51193,48.01,245786,0.5333334,123.0667
2012,7600,Prov. Sulawesi Barat,83796,49.21,412338,-2.668611,118.8622
2012,8100,Prov. Maluku,20489,41.13,84271,-3.7,128.1667
2012,8200,Prov. Maluku Utara,17794,36.91,65686,0.7833334,127.3667
2012,9100,Prov. Papua Barat,7750,39.03,30245,-0.8666667,134.0833
2012,9400,Prov. Papua,37149,37.16,138032,-2.533056,140.7169
2013,1100,Prov. Nanggroe Aceh Darussalam,419183,46.68,1956940,5.55,95.31667
2013,1200,Prov. Sumatera Utara,742968,50.17,3727249,3.583333,98.66666
2013,1300,Prov. Sumatera Barat,487820,49.82,2430384,-0.95,100.3531
2013,1400,Prov. Riau,118518,36.63,434151,0.4816667,101.4686
2013,1500,Prov. Jambi,153243,43.36,664535,-1.589167,103.61
2013,1600,Prov. Sumatera Selatan,800036,45.96,3676723,-2.990833,104.7567
2013,1700,Prov. Bengkulu,147680,42.17,622832,-3.795556,102.2592
2013,1800,Prov. Lampung,640948,50.28,3222789,-5.429722,105.2625
2013,1900,Prov. Kepulauan Bangka Belitung,10205,27.81,28384,-2.1,106.1
2013,2100,Prov. Kepulauan Riau,379,36.15,1370,1.083333,104.4833
2013,3100,Prov. DKI Jakarta,1744,58.88,10268,-6.183333,106.8333
2013,3200,Prov. Jawa Barat,2029891,59.53,12083162,-6.914722,107.6097
2013,3300,Prov. Jawa Tengah,1845447,56.06,10344816,-6.966667,110.4167
2013,3400,Prov. D I Yogyakarta,159266,57.88,921824,-7.801389,110.3644
2013,3500,Prov. Jawa Timur,2037021,59.15,12049342,-7.266667,112.7167
2013,3600,Prov. Banten,393704,52.92,2083608,-6.12,106.1503
2013,5100,Prov. Bali,150380,58.66,882115,-8.65,115.2167
2013,5200,Prov. Nusa Tenggara Barat,438057,50.08,2193698,-8.583333,116.1167
2013,5300,Prov. Nusa Tenggara Timur,222469,32.8,729666,-10.18333,123.5833
2013,6100,Prov. Kalimantan Barat,464615,31.01,1440902,-0.0166667,109.3333
2013,6200,Prov. Kalimantan Tengah,247217,32.81,811211,-2.21,113.92
2013,6300,Prov. Kalimantan Selatan,479721,42.34,2031029,-3.314444,114.5925
2013,6400,Prov. Kalimantan Timur,138768,40.63,563850,-0.5022222,117.1536
2013,7100,Prov. Sulawesi Utara,127413,50.1,638373,1.493056,124.8414
2013,7200,Prov. Sulawesi Tengah,224317,45.98,1031324,-0.9,119.8333
2013,7300,Prov. Sulawesi Selatan,983107,51.22,5035830,-5.133333,119.4167
2013,7400,Prov. Sulawesi Tenggara,132945,42.23,561361,-3.9675,122.5947
2013,7500,Prov. Gorontalo,56894,52.01,295913,0.5333334,123.0667
2013,7600,Prov. Sulawesi Barat,91035,48.79,444203,-2.668611,118.8622
2013,8100,Prov. Maluku,24399,41.74,101835,-3.7,128.1667
2013,8200,Prov. Maluku Utara,19281,37.57,72445,0.7833334,127.3667
2013,9100,Prov. Papua Barat,7431,39.8,29572,-0.8666667,134.0833
2013,9400,Prov. Papua,41111,41.3,169790,-2.533056,140.7169
